idx,mae,rmse,corr,ssim,bias,std_ratio,pred_min,pred_max,gt_min,gt_max
0.000000000000000000e+00,1.527868676930665970e-02,1.905532367527484894e-02,9.334382555982408958e-01,3.607677122614950105e-01,7.561087608337402344e-03,1.000194311141967773e+00,3.255946328863501549e-03,2.634359300136566162e-01,0.000000000000000000e+00,2.758430540561676025e-01
1.000000000000000000e+00,1.466237846761941910e-02,1.831592619419097900e-02,9.398826175876423550e-01,3.588216131895589633e-01,6.876882165670394897e-03,1.009117603302001953e+00,3.240036312490701675e-03,2.620319128036499023e-01,0.000000000000000000e+00,2.745014727115631104e-01
2.000000000000000000e+00,1.445537526160478592e-02,1.816035434603691101e-02,9.407766511495884165e-01,3.448996071517904105e-01,6.679270416498184204e-03,1.009683251380920410e+00,3.306047758087515831e-03,2.631601691246032715e-01,0.000000000000000000e+00,2.660915553569793701e-01
3.000000000000000000e+00,1.407303288578987122e-02,1.771972887217998505e-02,9.437873107737447809e-01,3.478227766054007852e-01,6.425611674785614014e-03,1.006692647933959961e+00,2.389885950833559036e-03,2.628255188465118408e-01,0.000000000000000000e+00,2.664087712764739990e-01
4.000000000000000000e+00,1.344220899045467377e-02,1.708065718412399292e-02,9.461972960343784100e-01,3.870781423944664734e-01,5.006913095712661743e-03,1.016780257225036621e+00,1.758455531671643257e-03,2.691306471824645996e-01,0.000000000000000000e+00,2.974598705768585205e-01
5.000000000000000000e+00,1.285700220614671707e-02,1.647072099149227142e-02,9.485986974277453854e-01,3.667410132634609243e-01,4.004329442977905273e-03,1.024384737014770508e+00,2.714157570153474808e-03,2.649374902248382568e-01,0.000000000000000000e+00,2.700109183788299561e-01
6.000000000000000000e+00,1.302340812981128693e-02,1.666129380464553833e-02,9.462955686563091495e-01,3.760214954011286137e-01,3.412097692489624023e-03,1.033527255058288574e+00,2.624592278152704239e-03,2.645008265972137451e-01,0.000000000000000000e+00,2.823087573051452637e-01
7.000000000000000000e+00,1.262310054153203964e-02,1.620437577366828918e-02,9.488177721736081871e-01,3.660762522768463700e-01,2.863463014364242554e-03,1.028157711029052734e+00,2.185016404837369919e-03,2.539574503898620605e-01,0.000000000000000000e+00,2.675885856151580811e-01
8.000000000000000000e+00,1.269002351909875870e-02,1.621229015290737152e-02,9.513193017920466010e-01,3.799363511364751145e-01,4.680361598730087280e-03,1.026546955108642578e+00,2.519690198823809624e-03,2.519510984420776367e-01,0.000000000000000000e+00,2.684497535228729248e-01
9.000000000000000000e+00,1.238902192562818527e-02,1.585597358644008636e-02,9.517436362272935213e-01,3.646765053568595261e-01,3.591660410165786743e-03,1.023189663887023926e+00,2.294693142175674438e-03,2.542330622673034668e-01,0.000000000000000000e+00,2.572106719017028809e-01
1.000000000000000000e+01,1.270677521824836731e-02,1.625772751867771149e-02,9.499064261984513369e-01,3.642813200738186374e-01,4.154801368713378906e-03,1.022965550422668457e+00,2.533686580136418343e-03,2.718453407287597656e-01,0.000000000000000000e+00,2.656031548976898193e-01
1.100000000000000000e+01,1.272533833980560303e-02,1.620098203420639038e-02,9.492790994258419879e-01,3.683362489177137156e-01,3.915969282388687134e-03,1.035517573356628418e+00,1.646999153308570385e-03,2.559400200843811035e-01,0.000000000000000000e+00,2.586860656738281250e-01
1.200000000000000000e+01,1.267138682305812836e-02,1.615579612553119659e-02,9.493554594792124046e-01,3.868824845470223428e-01,3.864627331495285034e-03,1.031246542930603027e+00,1.584898331202566624e-03,2.508536279201507568e-01,0.000000000000000000e+00,2.749432325363159180e-01
1.300000000000000000e+01,1.269852463155984879e-02,1.636534743010997772e-02,9.442278020762365776e-01,3.417968001628309271e-01,1.138970255851745605e-04,1.033515572547912598e+00,3.185328328981995583e-03,2.479330003261566162e-01,0.000000000000000000e+00,2.569176256656646729e-01
1.400000000000000000e+01,1.261645741760730743e-02,1.621003448963165283e-02,9.446275198030310571e-01,3.304106737710305608e-01,8.561424911022186279e-04,1.020117878913879395e+00,4.131752531975507736e-03,2.351998090744018555e-01,0.000000000000000000e+00,2.482145577669143677e-01
1.500000000000000000e+01,1.268792431801557541e-02,1.632012613117694855e-02,9.433613240699703084e-01,3.432644288102330576e-01,-3.277882933616638184e-05,1.024385690689086914e+00,3.704497357830405235e-03,2.325861603021621704e-01,0.000000000000000000e+00,2.601038217544555664e-01
1.600000000000000000e+01,1.268670242279767990e-02,1.626725681126117706e-02,9.439321854991741256e-01,3.390650095170649747e-01,5.503483116626739502e-04,1.014812946319580078e+00,3.781440202146768570e-03,2.343195676803588867e-01,0.000000000000000000e+00,2.566131651401519775e-01
1.700000000000000000e+01,1.228369399905204773e-02,1.573202013969421387e-02,9.478567764831069553e-01,3.517807816057654247e-01,1.722443848848342896e-03,1.013417482376098633e+00,2.423373050987720490e-03,2.233968377113342285e-01,0.000000000000000000e+00,2.504396140575408936e-01
1.800000000000000000e+01,1.256519369781017303e-02,1.612233370542526245e-02,9.447431712862807140e-01,3.403694769119784969e-01,1.923918724060058594e-03,1.018639326095581055e+00,2.432131906971335411e-03,2.447277158498764038e-01,0.000000000000000000e+00,2.449783086776733398e-01
1.900000000000000000e+01,1.245577726513147354e-02,1.595325581729412079e-02,9.463483349572950898e-01,3.622780800170763427e-01,2.544339746236801147e-03,1.016842126846313477e+00,2.845812123268842697e-03,2.495484799146652222e-01,0.000000000000000000e+00,2.669320106506347656e-01
2.000000000000000000e+01,1.236069109290838242e-02,1.586117595434188843e-02,9.466748748975022387e-01,3.323647922853876779e-01,2.316456288099288940e-03,1.005278706550598145e+00,3.873024601489305496e-03,2.397936582565307617e-01,0.000000000000000000e+00,2.434179186820983887e-01
2.100000000000000000e+01,1.230858825147151947e-02,1.577819138765335083e-02,9.445495061929992664e-01,3.321273214068964363e-01,3.521330654621124268e-04,1.005513548851013184e+00,3.331894986331462860e-03,2.527871727943420410e-01,0.000000000000000000e+00,2.417649924755096436e-01
2.200000000000000000e+01,1.259103789925575256e-02,1.615961827337741852e-02,9.414568825828375509e-01,3.379413826689978140e-01,1.302834600210189819e-03,9.904519319534301758e-01,3.667218843474984169e-03,2.450078427791595459e-01,0.000000000000000000e+00,2.585100829601287842e-01
2.300000000000000000e+01,1.242075022310018539e-02,1.587867923080921173e-02,9.411552761884046658e-01,3.484714341426956019e-01,1.485105603933334351e-03,1.001530885696411133e+00,3.224642947316169739e-03,2.258871048688888550e-01,0.000000000000000000e+00,2.552289068698883057e-01
2.400000000000000000e+01,1.247170567512512207e-02,1.596079766750335693e-02,9.414218665635786243e-01,3.383151494057846653e-01,1.791674643754959106e-03,9.865800142288208008e-01,3.239106154069304466e-03,2.331275939941406250e-01,0.000000000000000000e+00,2.514586448669433594e-01
2.500000000000000000e+01,1.270446926355361938e-02,1.624419726431369781e-02,9.385094000340425957e-01,3.333935499495800370e-01,1.437928527593612671e-03,9.890983700752258301e-01,2.786747179925441742e-03,2.397988140583038330e-01,0.000000000000000000e+00,2.504830062389373779e-01
2.600000000000000000e+01,1.254783198237419128e-02,1.603142172098159790e-02,9.401315544661136281e-01,3.364560658007991201e-01,1.740861684083938599e-03,9.876095056533813477e-01,3.361111273989081383e-03,2.328487932682037354e-01,0.000000000000000000e+00,2.441142052412033081e-01
2.700000000000000000e+01,1.218704693019390106e-02,1.556742936372756958e-02,9.416722990295631757e-01,3.397358338814091550e-01,-1.116804778575897217e-04,1.001842379570007324e+00,2.852466888725757599e-03,2.327151149511337280e-01,0.000000000000000000e+00,2.386730313301086426e-01
2.800000000000000000e+01,1.223597396165132523e-02,1.558627374470233917e-02,9.397060575875942900e-01,3.725531480023471786e-01,4.852712154388427734e-04,9.883430600166320801e-01,2.563653513789176941e-03,2.408510148525238037e-01,0.000000000000000000e+00,2.648458480834960938e-01
2.900000000000000000e+01,1.254663150757551193e-02,1.604468561708927155e-02,9.352931453786694771e-01,3.218577589139634543e-01,1.915991306304931641e-04,9.701264500617980957e-01,2.484894823282957077e-03,2.282111644744873047e-01,0.000000000000000000e+00,2.443205267190933228e-01
3.000000000000000000e+01,1.245070621371269226e-02,1.587917655706405640e-02,9.335135535846792454e-01,3.354331680047664133e-01,2.359516918659210205e-03,9.497206807136535645e-01,2.463252050802111626e-03,2.386480420827865601e-01,0.000000000000000000e+00,2.486261874437332153e-01
3.100000000000000000e+01,1.221317239105701447e-02,1.561518758535385132e-02,9.348476489914521181e-01,3.471838938119798379e-01,1.387279480695724487e-03,9.455350637435913086e-01,2.453330205753445625e-03,2.387458533048629761e-01,0.000000000000000000e+00,2.548323869705200195e-01
3.200000000000000000e+01,1.249857619404792786e-02,1.605065353214740753e-02,9.270223179006396030e-01,3.163362357662700686e-01,6.559006869792938232e-04,9.443858861923217773e-01,2.984882099553942680e-03,2.281395494937896729e-01,0.000000000000000000e+00,2.416108697652816772e-01
3.300000000000000000e+01,1.245735306292772293e-02,1.597949117422103882e-02,9.261685867976791053e-01,3.269109500329540619e-01,-9.720139205455780029e-04,9.286206364631652832e-01,2.572763012722134590e-03,2.122348099946975708e-01,0.000000000000000000e+00,2.418857812881469727e-01
3.400000000000000000e+01,1.215749513357877731e-02,1.558251678943634033e-02,9.282339213695145475e-01,3.313386000276483667e-01,-2.940185368061065674e-04,9.324998855590820312e-01,2.434052526950836182e-03,2.260814011096954346e-01,0.000000000000000000e+00,2.322367131710052490e-01
3.500000000000000000e+01,1.232171151787042618e-02,1.586744375526905060e-02,9.246757953009031583e-01,3.219033126820216029e-01,-1.530084758996963501e-03,9.151348471641540527e-01,2.204684540629386902e-03,2.099599093198776245e-01,0.000000000000000000e+00,2.288825362920761108e-01
3.600000000000000000e+01,1.242240332067012787e-02,1.599721424281597137e-02,9.213865573115991303e-01,3.320106356719959018e-01,-1.793950796127319336e-03,9.255040884017944336e-01,2.099530305713415146e-03,2.110197544097900391e-01,0.000000000000000000e+00,2.436610311269760132e-01
3.700000000000000000e+01,1.232981774955987930e-02,1.587289571762084961e-02,9.218275343856857651e-01,3.119533875885923124e-01,-8.620023727416992188e-04,9.217036366462707520e-01,2.020340878516435623e-03,2.212062478065490723e-01,0.000000000000000000e+00,2.268792092800140381e-01
3.800000000000000000e+01,1.236666180193424225e-02,1.587790995836257935e-02,9.184269985755653121e-01,3.329506726221863611e-01,-9.296908974647521973e-04,9.318627119064331055e-01,1.902320655062794685e-03,2.112960368394851685e-01,0.000000000000000000e+00,2.385833114385604858e-01
3.900000000000000000e+01,1.226821634918451309e-02,1.571439765393733978e-02,9.199430196628868295e-01,3.302635452546000550e-01,-9.285584092140197754e-04,9.260383844375610352e-01,1.841448713093996048e-03,2.121941000223159790e-01,0.000000000000000000e+00,2.279260456562042236e-01
4.000000000000000000e+01,1.211209967732429504e-02,1.553114689886569977e-02,9.199892472191700810e-01,3.481803440874294275e-01,8.783340454101562500e-04,9.333925247192382812e-01,1.902270596474409103e-03,2.165511101484298706e-01,0.000000000000000000e+00,2.407669872045516968e-01
4.100000000000000000e+01,1.208386104553937912e-02,1.552416663616895676e-02,9.188602656749143005e-01,3.678667153115088295e-01,1.495331525802612305e-04,9.305064082145690918e-01,1.799561083316802979e-03,2.199211716651916504e-01,0.000000000000000000e+00,2.560683488845825195e-01
4.200000000000000000e+01,1.233069971203804016e-02,1.591786369681358337e-02,9.149114324695905021e-01,3.081541588800443265e-01,1.689568161964416504e-04,9.233016371726989746e-01,1.822244608774781227e-03,2.065998613834381104e-01,0.000000000000000000e+00,2.159461677074432373e-01
4.300000000000000000e+01,1.245007012039422989e-02,1.597661338746547699e-02,9.128767207250680915e-01,3.119688602783963760e-01,1.417223364114761353e-03,9.335390925407409668e-01,1.820160774514079094e-03,2.012050598859786987e-01,0.000000000000000000e+00,2.275881618261337280e-01
4.400000000000000000e+01,1.226196531206369400e-02,1.579559780657291412e-02,9.156077409882267260e-01,3.294181583954504666e-01,1.139324158430099487e-03,9.250540733337402344e-01,1.572411390952765942e-03,2.054678350687026978e-01,0.000000000000000000e+00,2.307801991701126099e-01
4.500000000000000000e+01,1.218418031930923462e-02,1.570970006287097931e-02,9.162433628644744976e-01,3.259664147508253840e-01,8.541271090507507324e-04,9.229887723922729492e-01,1.398419030010700226e-03,2.346944212913513184e-01,0.000000000000000000e+00,2.289009392261505127e-01
4.600000000000000000e+01,1.221064385026693344e-02,1.577856764197349548e-02,9.155086221571250293e-01,3.344616145250555728e-01,3.764927387237548828e-04,9.202568531036376953e-01,1.219882280565798283e-03,2.232336103916168213e-01,0.000000000000000000e+00,2.343465238809585571e-01
4.700000000000000000e+01,1.223233062773942947e-02,1.573516428470611572e-02,9.136555155934416028e-01,3.337157853189871570e-01,1.485843211412429810e-03,9.370774626731872559e-01,1.164798159152269363e-03,2.108831554651260376e-01,0.000000000000000000e+00,2.250709384679794312e-01
4.800000000000000000e+01,1.224508974701166153e-02,1.581258885562419891e-02,9.134694245211140151e-01,3.244485418145939826e-01,8.145719766616821289e-04,9.278327822685241699e-01,1.141391694545745850e-03,2.054936140775680542e-01,0.000000000000000000e+00,2.284285873174667358e-01
4.900000000000000000e+01,1.224191021174192429e-02,1.583872549235820770e-02,9.129872543090595816e-01,3.466779634331790816e-01,7.847920060157775879e-04,9.281252622604370117e-01,1.132079400122165680e-03,2.083285450935363770e-01,0.000000000000000000e+00,2.470022737979888916e-01
5.000000000000000000e+01,1.222106628119945526e-02,1.577811129391193390e-02,9.116755820803156274e-01,3.282495957665155784e-01,7.314011454582214355e-04,9.392813444137573242e-01,1.123370137065649033e-03,2.211571931838989258e-01,0.000000000000000000e+00,2.277771681547164917e-01
5.100000000000000000e+01,1.222473289817571640e-02,1.585063152015209198e-02,9.131782783059169128e-01,3.327430808537225615e-01,-1.010946929454803467e-03,9.253807663917541504e-01,1.118652755394577980e-03,2.083607017993927002e-01,0.000000000000000000e+00,2.265294790267944336e-01
5.200000000000000000e+01,1.230497471988201141e-02,1.595794968307018280e-02,9.130779611513650806e-01,3.300534954099573759e-01,-1.177757978439331055e-03,9.183693528175354004e-01,1.119974767789244652e-03,2.229973077774047852e-01,0.000000000000000000e+00,2.311349809169769287e-01
5.300000000000000000e+01,1.206442248076200485e-02,1.560608390718698502e-02,9.148688257061007301e-01,3.494671017961091808e-01,-5.726665258407592773e-04,9.282870292663574219e-01,1.163351233117282391e-03,2.192680835723876953e-01,0.000000000000000000e+00,2.341340780258178711e-01
5.400000000000000000e+01,1.229751948267221451e-02,1.592982001602649689e-02,9.100889650462985481e-01,3.250550246705471991e-01,-4.470199346542358398e-04,9.333103895187377930e-01,1.378763583488762379e-03,2.115928530693054199e-01,0.000000000000000000e+00,2.287303060293197632e-01
5.500000000000000000e+01,1.236031111329793930e-02,1.596286334097385406e-02,9.079908042134454682e-01,3.137574902070622840e-01,-1.083910465240478516e-04,9.435111880302429199e-01,1.515182084403932095e-03,2.124465405941009521e-01,0.000000000000000000e+00,2.204171866178512573e-01
5.600000000000000000e+01,1.227989140897989273e-02,1.585237309336662292e-02,9.113902197389877058e-01,3.150645846586815901e-01,-3.509148955345153809e-04,9.314906001091003418e-01,1.581281889230012894e-03,2.064292728900909424e-01,0.000000000000000000e+00,2.145660370588302612e-01
5.700000000000000000e+01,1.198548357933759689e-02,1.548469904810190201e-02,9.171038024212104789e-01,3.399005809590144311e-01,-7.409453392028808594e-04,9.242675304412841797e-01,1.647697295993566513e-03,2.071119248867034912e-01,0.000000000000000000e+00,2.222606688737869263e-01
5.800000000000000000e+01,1.232925336807966232e-02,1.595990732312202454e-02,9.107968108626443016e-01,3.168477518592510145e-01,-9.628087282180786133e-04,9.306725263595581055e-01,1.618293812498450279e-03,1.976576596498489380e-01,0.000000000000000000e+00,2.185305655002593994e-01
5.900000000000000000e+01,1.244416832923889160e-02,1.605013385415077209e-02,9.069794509308968244e-01,3.058401928923702995e-01,-2.352520823478698730e-04,9.458339214324951172e-01,1.622077310457825661e-03,2.000204622745513916e-01,0.000000000000000000e+00,2.163110077381134033e-01
6.000000000000000000e+01,1.259943190962076187e-02,1.627343334257602692e-02,9.104026642224972710e-01,3.170192622781577430e-01,-2.650566399097442627e-03,9.298805594444274902e-01,1.653082435950636864e-03,2.199973911046981812e-01,0.000000000000000000e+00,2.195408195257186890e-01
6.100000000000000000e+01,1.251190714538097382e-02,1.618315093219280243e-02,9.107962692742651578e-01,3.231297693394345472e-01,-2.576380968093872070e-03,9.339594841003417969e-01,1.596512855030596256e-03,2.138944417238235474e-01,0.000000000000000000e+00,2.265148460865020752e-01
6.200000000000000000e+01,1.245328970253467560e-02,1.609951257705688477e-02,9.122147936591563644e-01,3.180134201503855840e-01,-2.395451068878173828e-03,9.308922886848449707e-01,1.525016152299940586e-03,2.084749937057495117e-01,0.000000000000000000e+00,2.159410715103149414e-01
6.300000000000000000e+01,1.225709728896617889e-02,1.586224511265754700e-02,9.150460454828314161e-01,3.366992411906104543e-01,-2.505540847778320312e-03,9.358051419258117676e-01,1.441058237105607986e-03,2.082992494106292725e-01,0.000000000000000000e+00,2.228395491838455200e-01
6.400000000000000000e+01,1.237113028764724731e-02,1.607450656592845917e-02,9.161161862172281234e-01,3.360325397630932187e-01,-1.417465507984161377e-03,9.259399175643920898e-01,1.373454579152166843e-03,2.166006714105606079e-01,0.000000000000000000e+00,2.348656803369522095e-01
6.500000000000000000e+01,1.242914330214262009e-02,1.617358624935150146e-02,9.179467946540493806e-01,3.239086035857835499e-01,-1.925945281982421875e-03,9.219797849655151367e-01,1.369004137814044952e-03,1.987077593803405762e-01,0.000000000000000000e+00,2.201149165630340576e-01
6.600000000000000000e+01,1.261534448713064194e-02,1.639780215919017792e-02,9.185832412741643527e-01,3.204764756404839821e-01,-3.242127597332000732e-03,9.346790909767150879e-01,1.282710814848542213e-03,2.029993683099746704e-01,0.000000000000000000e+00,2.221431881189346313e-01
6.700000000000000000e+01,1.235652994364500046e-02,1.599141769111156464e-02,9.199623430482319897e-01,3.290530090994782664e-01,-4.914402961730957031e-05,9.392634034156799316e-01,1.227204571478068829e-03,2.073209583759307861e-01,0.000000000000000000e+00,2.219445407390594482e-01
6.800000000000000000e+01,1.212811842560768127e-02,1.576291769742965698e-02,9.218875301965289148e-01,3.619655991770289738e-01,3.635063767433166504e-04,9.456739425659179688e-01,1.203629886731505394e-03,2.085503786802291870e-01,0.000000000000000000e+00,2.381194531917572021e-01
6.900000000000000000e+01,1.217388175427913666e-02,1.582183502614498138e-02,9.222869847018156930e-01,3.473770916320484958e-01,4.564970731735229492e-05,9.466983675956726074e-01,1.163580920547246933e-03,2.131188362836837769e-01,0.000000000000000000e+00,2.330797314643859863e-01
7.000000000000000000e+01,1.240606978535652161e-02,1.615107618272304535e-02,9.222652037786989165e-01,3.612217121489034732e-01,-3.511011600494384766e-04,9.301713109016418457e-01,1.139978412538766861e-03,2.186037451028823853e-01,0.000000000000000000e+00,2.481233775615692139e-01
7.100000000000000000e+01,1.207082811743021011e-02,1.571795344352722168e-02,9.232345462015454363e-01,3.632054623729791820e-01,1.524090766906738281e-04,9.662534594535827637e-01,1.087500830180943012e-03,2.396090477705001831e-01,0.000000000000000000e+00,2.381894290447235107e-01
7.200000000000000000e+01,1.221670955419540405e-02,1.594734005630016327e-02,9.254090823556390122e-01,3.281512965100829571e-01,-2.344250679016113281e-04,9.561958909034729004e-01,9.664160315878689289e-04,1.981041729450225830e-01,0.000000000000000000e+00,2.165477573871612549e-01
7.300000000000000000e+01,1.215500850230455399e-02,1.585882902145385742e-02,9.277411400369997008e-01,3.211732014961228843e-01,-6.949156522750854492e-05,9.559859633445739746e-01,9.233711753040552139e-04,2.152711451053619385e-01,0.000000000000000000e+00,2.108195871114730835e-01
7.400000000000000000e+01,1.215634401887655258e-02,1.581799425184726715e-02,9.278158705462821176e-01,3.288093496048246078e-01,-6.222054362297058105e-04,9.716526269912719727e-01,9.082001633942127228e-04,2.076631784439086914e-01,0.000000000000000000e+00,2.130891084671020508e-01
7.500000000000000000e+01,1.235447358340024948e-02,1.604576408863067627e-02,9.256057921428817448e-01,3.117883612542061145e-01,-1.672282814979553223e-04,9.744994044303894043e-01,9.226574329659342766e-04,2.020774036645889282e-01,0.000000000000000000e+00,2.072414755821228027e-01
7.600000000000000000e+01,1.247661933302879333e-02,1.623397879302501678e-02,9.254795123466653672e-01,3.093062923517048701e-01,-2.072229981422424316e-04,9.766058921813964844e-01,9.788442403078079224e-04,2.142244577407836914e-01,0.000000000000000000e+00,2.110768258571624756e-01
7.700000000000000000e+01,1.258708443492650986e-02,1.635127700865268707e-02,9.312423479160888418e-01,3.563021521773510059e-01,-1.971118152141571045e-03,9.377851486206054688e-01,1.076060580089688301e-03,2.082127183675765991e-01,0.000000000000000000e+00,2.408117800951004028e-01
7.800000000000000000e+01,1.264632958918809891e-02,1.643300615251064301e-02,9.278536872563997173e-01,3.375259040102850383e-01,-2.469778060913085938e-03,9.671120643615722656e-01,1.215380616486072540e-03,2.180639505386352539e-01,0.000000000000000000e+00,2.387333065271377563e-01
7.900000000000000000e+01,1.240538805723190308e-02,1.610377617180347443e-02,9.325132907143754979e-01,3.594274684575863299e-01,-2.709209918975830078e-03,9.583806395530700684e-01,1.281516742892563343e-03,2.223519831895828247e-01,0.000000000000000000e+00,2.384711354970932007e-01
8.000000000000000000e+01,1.277184952050447464e-02,1.664379797875881195e-02,9.342526894778566682e-01,3.495613805741025204e-01,-4.040114581584930420e-03,9.304711818695068359e-01,1.277504954487085342e-03,2.165042012929916382e-01,0.000000000000000000e+00,2.389962077140808105e-01
8.100000000000000000e+01,1.294462755322456360e-02,1.679661124944686890e-02,9.300825410766488943e-01,3.362584517089417524e-01,-3.762014210224151611e-03,9.482858777046203613e-01,1.222837017849087715e-03,2.293866723775863647e-01,0.000000000000000000e+00,2.380465269088745117e-01
8.200000000000000000e+01,1.237701717764139175e-02,1.609212346374988556e-02,9.352581728479079093e-01,3.570593037991031671e-01,-3.361277282238006592e-03,9.528729915618896484e-01,1.210309099406003952e-03,2.268706709146499634e-01,0.000000000000000000e+00,2.340230792760848999e-01
8.300000000000000000e+01,1.281285844743251801e-02,1.666777394711971283e-02,9.384482514762588767e-01,3.673616844031779016e-01,-5.387648940086364746e-03,9.287107586860656738e-01,1.219521975144743919e-03,2.255905419588088989e-01,0.000000000000000000e+00,2.424376308917999268e-01
8.400000000000000000e+01,1.301018986850976944e-02,1.692232489585876465e-02,9.365867638497537007e-01,3.487279363792392672e-01,-5.221247673034667969e-03,9.250496625900268555e-01,1.236643176525831223e-03,2.166172266006469727e-01,0.000000000000000000e+00,2.402045726776123047e-01
8.500000000000000000e+01,1.281043607741594315e-02,1.660781539976596832e-02,9.353560495703769906e-01,3.519529769991779911e-01,-4.656143486499786377e-03,9.446461200714111328e-01,1.242752885445952415e-03,2.218005061149597168e-01,0.000000000000000000e+00,2.406146079301834106e-01
8.600000000000000000e+01,1.282527297735214233e-02,1.662474870681762695e-02,9.392298520879274193e-01,3.710886285628136605e-01,-5.325637757778167725e-03,9.294354915618896484e-01,1.248502056114375591e-03,2.247139662504196167e-01,0.000000000000000000e+00,2.451828867197036743e-01
8.700000000000000000e+01,1.261705439537763596e-02,1.639780960977077484e-02,9.358853917665709288e-01,3.373545059748191410e-01,-3.040857613086700439e-03,9.351693987846374512e-01,1.277531380765140057e-03,2.173407673835754395e-01,0.000000000000000000e+00,2.365678250789642334e-01
8.800000000000000000e+01,1.255204528570175171e-02,1.636371947824954987e-02,9.405409926580410307e-01,3.687108813370713611e-01,-3.599219024181365967e-03,9.161085486412048340e-01,1.250135246664285660e-03,2.215539067983627319e-01,0.000000000000000000e+00,2.536993622779846191e-01
8.900000000000000000e+01,1.225709356367588043e-02,1.592491380870342255e-02,9.407210440936424334e-01,3.780557688921685200e-01,-3.176935017108917236e-03,9.374003410339355469e-01,1.246778527274727821e-03,2.199386060237884521e-01,0.000000000000000000e+00,2.528665065765380859e-01
9.000000000000000000e+01,1.225163601338863373e-02,1.590759493410587311e-02,9.443744381132975763e-01,3.837105718168629109e-01,-2.489544451236724854e-03,9.142274856567382812e-01,1.153088407590985298e-03,2.320182025432586670e-01,0.000000000000000000e+00,2.561013698577880859e-01
9.100000000000000000e+01,1.230994425714015961e-02,1.602123677730560303e-02,9.394878459525174419e-01,3.535362060291430408e-01,-1.902334392070770264e-03,9.375812411308288574e-01,1.131264027208089828e-03,2.324737608432769775e-01,0.000000000000000000e+00,2.453077882528305054e-01
9.200000000000000000e+01,1.243726070970296860e-02,1.621679961681365967e-02,9.423900143696527509e-01,3.821153264921657300e-01,-2.855107188224792480e-03,9.173911809921264648e-01,1.120115281082689762e-03,2.342370748519897461e-01,0.000000000000000000e+00,2.699696123600006104e-01
9.300000000000000000e+01,1.240102387964725494e-02,1.614847220480442047e-02,9.426682023366390606e-01,3.846474318228650380e-01,-2.644572407007217407e-03,9.230728745460510254e-01,1.072119688615202904e-03,2.378598451614379883e-01,0.000000000000000000e+00,2.720709741115570068e-01
9.400000000000000000e+01,1.217977236956357956e-02,1.587878167629241943e-02,9.488508770663073300e-01,4.114705123771639772e-01,-2.867680042982101440e-03,9.218039512634277344e-01,7.823020569048821926e-04,2.410138547420501709e-01,0.000000000000000000e+00,2.827103734016418457e-01
9.500000000000000000e+01,1.282341592013835907e-02,1.671238429844379425e-02,9.464315726881287194e-01,3.770762392327107193e-01,-3.535546362400054932e-03,9.088800549507141113e-01,7.086897967383265495e-04,2.397608906030654907e-01,0.000000000000000000e+00,2.686383426189422607e-01
9.600000000000000000e+01,1.238998863846063614e-02,1.611429266631603241e-02,9.484594198970214274e-01,4.104606548277837663e-01,-3.081474453210830688e-03,9.263949394226074219e-01,5.238291923888027668e-04,2.594487369060516357e-01,0.000000000000000000e+00,2.852136790752410889e-01
9.700000000000000000e+01,1.307607721537351608e-02,1.701125130057334900e-02,9.454068564552307041e-01,3.744434323491423466e-01,-4.221297800540924072e-03,9.226151704788208008e-01,3.381689311936497688e-04,2.599735558032989502e-01,0.000000000000000000e+00,2.695215940475463867e-01
9.800000000000000000e+01,1.313562598079442978e-02,1.717255450785160065e-02,9.438282845686806199e-01,3.730248094734670561e-01,-2.529200166463851929e-03,9.170895218849182129e-01,2.356854674872010946e-04,2.402352988719940186e-01,0.000000000000000000e+00,2.783979177474975586e-01
9.900000000000000000e+01,1.387012656778097153e-02,1.802245154976844788e-02,9.402323643727046321e-01,3.602269787450303462e-01,-1.140188425779342651e-03,9.120713472366333008e-01,1.048710473696701229e-04,2.463186383247375488e-01,0.000000000000000000e+00,2.748687267303466797e-01
